{
  "roc_auc": 0.9590773839425133,
  "pr_auc": 0.8763323428403132,
  "threshold_default": 0.5,
  "metrics_default": {
    "tp": 27380,
    "tn": 110705,
    "fp": 14095,
    "fn": 3820,
    "sensitivity": 0.8775641025641026,
    "specificity": 0.8870592948717949,
    "gmean": 0.8822989255492224,
    "cba": 0.7736080078940047,
    "precision": 0.6601567209162146,
    "accuracy": 0.8851602564102564
  },
  "threshold_best_gmean": 0.44999999999999996,
  "metrics_best_gmean": {
    "tp": 28426,
    "tn": 106656,
    "fp": 18144,
    "fn": 2774,
    "sensitivity": 0.9110897435897436,
    "specificity": 0.8546153846153847,
    "gmean": 0.882400879213683,
    "cba": 0.7325041707272757,
    "precision": 0.6103929568391668,
    "accuracy": 0.8659102564102564
  }
}