{
  "best_thr_u": 0.3,
  "metrics_best_u": {
    "tp": 160517.0,
    "tn": 2177586.0,
    "fp": 159589.0,
    "fn": 9060.0,
    "sensitivity": 0.9465729432647116,
    "specificity": 0.9317171371420625,
    "gmean": 0.9391156652908804,
    "cba": 0.7165833284943066,
    "precision": 0.5014495198465508,
    "accuracy": 0.9327221041411357
  }
}